"Series Code","Topic","Indicator Name","Short definition","Long definition","Unit of measure","Periodicity","Base Period","Other notes","Aggregation method","Limitations and exceptions","Notes from original source","General comments","Source","Statistical concept and methodology","Development relevance","Related source links","Other web links","Related indicators","License Type",
"ENF.CONT.COEN.ATDR","","Enforcing contracts: Alternative dispute resolution (0-3) (DB16-19 methodology)","","","","","","","","","","","","","","http://www.doingbusiness.org/en/data/exploretopics/enforcing-contracts","","","",
"ENF.CONT.COEN.ATFE.PR","","Enforcing contracts: Attorney fees (% of claim)","","","","","","","","","","","","","","http://www.doingbusiness.org/en/data/exploretopics/enforcing-contracts","","","",
"ENF.CONT.COEN.COST.ZS","","Enforcing contracts: Cost (% of claim)","","","","","","","","","","","","","","http://www.doingbusiness.org/en/data/exploretopics/enforcing-contracts","","","",
"ENF.CONT.COEN.COST.ZS.DFRN","","Enforcing contracts: Cost (% of claim) - Score","","","","","","","","","","","","","","http://www.doingbusiness.org/en/data/exploretopics/enforcing-contracts","","","",
"ENF.CONT.COEN.CSMG","","Enforcing contracts: Case management (0-6) (DB16-19 methodology)","","","","","","","","","","","","","","http://www.doingbusiness.org/en/data/exploretopics/enforcing-contracts","","","",
"ENF.CONT.COEN.CTAU","","Enforcing contracts: Court automation (0-4) (DB16-19 methodology)","","","","","","","","","","","","","","http://www.doingbusiness.org/en/data/exploretopics/enforcing-contracts","","","",
"ENF.CONT.COEN.CTFE.PR","","Enforcing contracts: Court fees (% of claim)","","","","","","","","","","","","","","http://www.doingbusiness.org/en/data/exploretopics/enforcing-contracts","","","",
"ENF.CONT.COEN.CTSP.DB16","","Enforcing contracts: Court structure and proceedings (0-5) (DB16 methodology)","","","","","","","","","","","","","","http://www.doingbusiness.org/en/data/exploretopics/enforcing-contracts","","","",
"ENF.CONT.COEN.CTSP.DB1719","","Enforcing contracts: Court structure and proceedings (0-5) (DB17-19 methodology)","","","","","","","","","","","","","","http://www.doingbusiness.org/en/data/exploretopics/enforcing-contracts","","","",
"ENF.CONT.COEN.DB0415.DFRN","","Enforcing contracts (DB04-15 methodology) - Score","","","","","","","","","","","","","","http://www.doingbusiness.org/en/data/exploretopics/enforcing-contracts","","","",
"ENF.CONT.COEN.DB16.DFRN","","Enforcing contracts (DB16 methodology) - Score","","","","","","","","","","","","","","http://www.doingbusiness.org/en/data/exploretopics/enforcing-contracts","","","",
"ENF.CONT.COEN.DB1719.DFRN","","Enforcing contracts (DB17-19 methodology) - Score","","","","","","","","","","","","","","http://www.doingbusiness.org/en/data/exploretopics/enforcing-contracts","","","",
"ENF.CONT.COEN.ENFE.PR","","Enforcing contracts: Enforcement fees (% of claim)","","","","","","","","","","","","","","http://www.doingbusiness.org/en/data/exploretopics/enforcing-contracts","","","",
"ENF.CONT.COEN.ENJU.DY","","Enforcing contracts: Enforcement of judgment (days)","","","","","","","","","","","","","","http://www.doingbusiness.org/en/data/exploretopics/enforcing-contracts","","","",
"ENF.CONT.COEN.FLSR.DY","","Enforcing contracts: Filing and service (days)","","","","","","","","","","","","","","http://www.doingbusiness.org/en/data/exploretopics/enforcing-contracts","","","",
"ENF.CONT.COEN.PROC.NO","","Enforcing contracts: Procedures (number)","","","","","","","","","","","","","","http://www.doingbusiness.org/en/data/exploretopics/enforcing-contracts","","","",
"ENF.CONT.COEN.PROC.NO.DFRN","","Enforcing contracts: Procedures (number) - Score","","","","","","","","","","","","","","http://www.doingbusiness.org/en/data/exploretopics/enforcing-contracts","","","",
"ENF.CONT.COEN.QUJP.DB16.DFRN","","Enforcing contracts: Quality of the judicial processes index (0-19) (DB16 methodology) - Score","","","","","","","","","","","","","","http://www.doingbusiness.org/en/data/exploretopics/enforcing-contracts","","","",
"ENF.CONT.COEN.QUJP.DB1719.DFRN","","Enforcing contracts: Quality of the judicial processes index (0-19) (DB17-19 methodology) - Score","","","","","","","","","","","","","","http://www.doingbusiness.org/en/data/exploretopics/enforcing-contracts","","","",
"ENF.CONT.COEN.QUJP.XD","","Enforcing contracts: Quality of the judicial processes index (0-18) (DB16 methodology)","","","","","","","","","","","","","","http://www.doingbusiness.org/en/data/exploretopics/enforcing-contracts","","","",
"ENF.CONT.COEN.RK.DB19","","Rank: Enforcing contracts (1=most business-friendly regulations) (DB19 methodology)","","","","","","","","","","","","","","http://www.doingbusiness.org/en/data/exploretopics/enforcing-contracts","","","",
"ENF.CONT.COEN.TRJU.DY","","Enforcing contracts: Trial and judgment (days)","","","","","","","","","","","","","","http://www.doingbusiness.org/en/data/exploretopics/enforcing-contracts","","","",
"ENF.CONT.DURS.DY","","Enforcing contracts: Time (days)","","","","","","","","","","","","","","http://www.doingbusiness.org/en/data/exploretopics/enforcing-contracts","","","",
"ENF.CONT.DURS.DY.DFRN","","Enforcing contracts: Time (days) - Score","","","","","","","","","","","","","","http://www.doingbusiness.org/en/data/exploretopics/enforcing-contracts","","","",
"ENF.CONT.EC.QJPI","","Enforcing contracts: Quality of the judicial administration index (0-18) (DB17-19 methodology)","","","","","","","","","","","","","","http://www.doingbusiness.org/en/data/exploretopics/enforcing-contracts","","","",
"IC.BUS.EASE.DFRN.DB1014","","Global: Ease of doing business score (DB10-14 methodology)","","","","","","","","","","","","","","http://www.doingbusiness.org/en/rankings","","","",
"IC.BUS.EASE.DFRN.DB15","","Global: Ease of doing business score (DB15 methodology)","","","","","","","","","","","","","","http://www.doingbusiness.org/en/rankings","","","",
"IC.BUS.EASE.DFRN.DB16","","Global: Ease of doing business score (DB16 methodology)","","","","","","","","","","","","","","http://www.doingbusiness.org/en/rankings","","","",
"IC.BUS.EASE.DFRN.XQ.DB1719","","Global: Ease of doing business score (DB17-19 methodology)","","","","","","","","","","","","","","http://www.doingbusiness.org/en/rankings","","","",
"IC.BUS.EASE.XQ","","Rank: Ease of doing business index (DB19 methodology) (1=most business-friendly regulations)","","","","","","","","","","","","","","http://www.doingbusiness.org/en/rankings","","","",
"IC.CNST.LIR.XD.02.DB1619","","Dealing with construction permits: Liability and insurance regimes index (0-2) (DB16-19 methodology)","","","","","","","","","","","","","","http://www.doingbusiness.org/en/data/exploretopics/dealing-with-construction-permits","","","",
"IC.CNST.PC.XD.04.DB1619","","Dealing with construction permits: Professional certifications index (0-4) (DB16-19 methodology)","","","","","","","","","","","","","","http://www.doingbusiness.org/en/data/exploretopics/dealing-with-construction-permits","","","",
"IC.CNST.PRMT.BQCI.015.DB1619.DFRN","","Dealing with construction permits: Building quality control index (0-15) (DB16-19 methodology) - Score","","","","","","","","","","","","","","http://www.doingbusiness.org/en/data/exploretopics/dealing-with-construction-permits","","","",
"IC.CNST.PRMT.COST.WRH.VAL","","Dealing with construction permits: Cost (% of Warehouse value)","","","","","","","","","","","","","","http://www.doingbusiness.org/en/data/exploretopics/dealing-with-construction-permits","","","",
"IC.CNST.PRMT.COST.WRH.VAL.DFRN","","Dealing with construction permits: Cost (% of Warehouse value) - Score","","","","","","","","","","","","","","http://www.doingbusiness.org/en/data/exploretopics/dealing-with-construction-permits","","","",
"IC.CNST.PRMT.DFRN.DB0615","","Dealing with construction permits (DB06-15 methodology) - Score","","","","","","","","","","","","","","http://www.doingbusiness.org/en/data/exploretopics/dealing-with-construction-permits","","","",
"IC.CNST.PRMT.DFRN.DB1619","","Dealing with construction permits (DB16-19 methodology) - Score","","","","","","","","","","","","","","http://www.doingbusiness.org/en/data/exploretopics/dealing-with-construction-permits","","","",
"IC.CNST.PRMT.PROC.NO","","Dealing with construction permits: Procedures (number)","","","","","","","","","","","","","","http://www.doingbusiness.org/en/data/exploretopics/dealing-with-construction-permits","","","",
"IC.CNST.PRMT.PROC.NO.DFRN","","Dealing with construction permits: Procedures (number) - Score","","","","","","","","","","","","","","http://www.doingbusiness.org/en/data/exploretopics/dealing-with-construction-permits","","","",
"IC.CNST.PRMT.QBR.XD.02.DB1619","","Dealing with construction permits: Quality of building regulations index (0-2) (DB16-19 methodology)","","","","","","","","","","","","","","http://www.doingbusiness.org/en/data/exploretopics/dealing-with-construction-permits","","","",
"IC.CNST.PRMT.QCAC.XD.DB1619","","Dealing with construction permits: Quality control after construction index (0-3) (DB16-19 methodology)","","","","","","","","","","","","","","http://www.doingbusiness.org/en/data/exploretopics/dealing-with-construction-permits","","","",
"IC.CNST.PRMT.QCBC.XD.01.DB1619","","Dealing with construction permits: Quality control before construction index (0-1) (DB16-19 methodology)","","","","","","","","","","","","","","http://www.doingbusiness.org/en/data/exploretopics/dealing-with-construction-permits","","","",
"IC.CNST.PRMT.QCDC.XD.03.DB1619","","Dealing with construction permits: Quality control during construction index (0-3) (DB16-19 methodology)","","","","","","","","","","","","","","http://www.doingbusiness.org/en/data/exploretopics/dealing-with-construction-permits","","","",
"IC.CNST.PRMT.RK","","Rank: Dealing with construction permits  (DB19 methodology) (1=most business-friendly regulations)","","","","","","","","","","","","","","http://www.doingbusiness.org/en/data/exploretopics/dealing-with-construction-permits","","","",
"IC.CNST.PRMT.TM.DY","","Dealing with construction permits: Time (days)","","","","","","","","","","","","","","http://www.doingbusiness.org/en/data/exploretopics/dealing-with-construction-permits","","","",
"IC.CNST.PRMT.TM.DY.DFRN","","Dealing with construction permits: Time (days)  - Score","","","","","","","","","","","","","","http://www.doingbusiness.org/en/data/exploretopics/dealing-with-construction-permits","","","",
"IC.CRED.ACC.ACES.DB0514","","Getting Credit total score (DB05-14 methodology)","","","","","","","","","","","","","","http://www.doingbusiness.org/en/data/exploretopics/getting-credit","","","",
"IC.CRED.ACC.ACES.DB1519","","Getting Credit total score (DB15-19 methodology)","","","","","","","","","","","","","","http://www.doingbusiness.org/en/data/exploretopics/getting-credit","","","",
"IC.CRED.ACC.CRD.DB0514.DFRN","","Getting credit (DB05-14 methodology) - Score","","","","","","","","","","","","","","http://www.doingbusiness.org/en/data/exploretopics/getting-credit","","","",
"IC.CRED.ACC.CRD.DB1519.DFRN","","Getting credit (DB15-19 methodology) - Score","","","","","","","","","","","","","","http://www.doingbusiness.org/en/data/exploretopics/getting-credit","","","",
"IC.CRED.ACC.CRD.RK","","Rank: Getting credit  (DB19 methodology) (1=most business-friendly regulations)","","","","","","","","","","","","","","http://www.doingbusiness.org/en/data/exploretopics/getting-credit","","","",
"IC.CRED.ACC.DPTH.CISI.XD.06.DB0514","","Getting credit: Depth of credit information index (0-6) (DB05-14 methodology)","","","","","","","","","","","","","","http://www.doingbusiness.org/en/data/exploretopics/getting-credit","","","",
"IC.CRED.ACC.DPTH.CISI.XD.06.DB0514.DFRN","","Getting credit: Depth of credit information index (0-6) (DB05-14 methodology) - Score","","","","","","","","","","","","","","http://www.doingbusiness.org/en/data/exploretopics/getting-credit","","","",
"IC.CRED.ACC.DPTH.CISI.XD.08.DB1519","","Getting credit: Depth of credit information index (0-8) (DB15-19 methodology)","","","","","","","","","","","","","","http://www.doingbusiness.org/en/data/exploretopics/getting-credit","","","",
"IC.CRED.ACC.DPTH.CISI.XD.08.DB1519.DFRN","","Getting credit: Depth of credit information index (0-8) (DB15-19 methodology) - Score","","","","","","","","","","","","","","http://www.doingbusiness.org/en/data/exploretopics/getting-credit","","","",
"IC.CRED.ACC.LGL.RGHT.010.XD.DB0514.DFRN","","Getting credit: Strength of legal rights index (0-10) (DB05-14 methodology) - Score","","","","","","","","","","","","","","http://www.doingbusiness.org/en/data/exploretopics/getting-credit","","","",
"IC.CRED.ACC.LGL.RGHT.012.XD.DB1519.DFRN","","Getting credit: Strength of legal rights index (0-12) (DB15-19 methodology) - Score","","","","","","","","","","","","","","http://www.doingbusiness.org/en/data/exploretopics/getting-credit","","","",
"IC.CRED.ACC.LGL.RGHT.XD.010.DB0514","","Getting credit: Strength of legal rights index (0-10) (DB05-14 methodology)","","","","","","","","","","","","","","http://www.doingbusiness.org/en/data/exploretopics/getting-credit","","","",
"IC.CRED.ACC.LGL.RGHT.XD.012.DB1519","","Getting credit: Strength of legal rights index (0-12) (DB15-19 methodology)","","","","","","","","","","","","","","http://www.doingbusiness.org/en/data/exploretopics/getting-credit","","","",
"IC.CRED.ACC.PRVT.CRD.ZS","","Getting credit: Credit bureau coverage (% of adults)","","","","","","","","","","","","","","http://www.doingbusiness.org/en/data/exploretopics/getting-credit","","","",
"IC.CRED.ACC.PUBL.CRD.REG.COVR.ZS","","Getting credit: Credit registry coverage (% of adults)","","","","","","","","","","","","","","http://www.doingbusiness.org/en/data/exploretopics/getting-credit","","","",
"IC.DCP.BQC.XD.015.DB1619","","Dealing with construction permits: Building quality control index (0-15) (DB16-19 methodology)","","","","","","","","","","","","","","http://www.doingbusiness.org/en/data/exploretopics/dealing-with-construction-permits","","","",
"IC.ELC.ACES.DFRN.DB1015","","Getting electricity (DB10-15 methodology) - Score","","","","","","","","","","","","","","http://www.doingbusiness.org/en/data/exploretopics/getting-electricity","","","",
"IC.ELC.ACES.DFRN.DB1619","","Getting electricity (DB16-19 methodology) - Score","","","","","","","","","","","","","","http://www.doingbusiness.org/en/data/exploretopics/getting-electricity","","","",
"IC.ELC.ACES.RK DB19","","Rank: Getting electricity (1=most business-friendly regulations) (DB19 methodology)","","","","","","","","","","","","","","http://www.doingbusiness.org/en/data/exploretopics/getting-electricity","","","",
"IC.ELC.ACS.COST","","Getting electricity: Cost to get electricity (% of income per capita)","","","","","","","","","","","","","","http://www.doingbusiness.org/en/data/exploretopics/getting-electricity","","","",
"IC.ELC.ACS.COST.DFRN","","Getting electricity: Cost to get electricity (% of income per capita) - Score","","","","","","","","","","","","","","http://www.doingbusiness.org/en/data/exploretopics/getting-electricity","","","",
"IC.ELC.COMM.TRFF.CG.01.DB1619","","Getting electricity: Communication of tariffs and tariff changes (0-1) (DB16-19 methodology)","","","","","","","","","","","","","","http://www.doingbusiness.org/en/data/exploretopics/getting-electricity","","","",
"IC.ELC.LMTG.OUTG.01.DB1619","","Getting electricity: Financial deterrents aimed at limiting outages (0-1) (DB16-19 methodology)","","","","","","","","","","","","","","http://www.doingbusiness.org/en/data/exploretopics/getting-electricity","","","",
"IC.ELC.MONT.OUTG.01.DB1619","","Getting electricity: Mechanisms for monitoring outages (0-1) (DB16-19 methodology)","","","","","","","","","","","","","","http://www.doingbusiness.org/en/data/exploretopics/getting-electricity","","","",
"IC.ELC.OUTG.FREQ.DURS.03.DB1619","","Getting electricity: Total duration and frequency of outages per customer a year (0-3) (DB16-19 methodology)","","","","","","","","","","","","","","http://www.doingbusiness.org/en/data/exploretopics/getting-electricity","","","",
"IC.ELC.OUTG.MN.DB1619","","Getting electricity: Minimum outage time (in minutes)  (DB16-19 methodology)","","","","","","","","","","","","","","http://www.doingbusiness.org/en/data/exploretopics/getting-electricity","","","",
"IC.ELC.PRI.KH.DB1619","","Getting electricity: Price of electricity (US cents per kWh) (DB16-19 methodology)","","","","","","","","","","","","","","0","","","",
"IC.ELC.PROC.NO","","Getting electricity: Procedures (number)","","","","","","","","","","","","","","http://www.doingbusiness.org/en/data/exploretopics/getting-electricity","","","",
"IC.ELC.PROC.NO.DFRN","","Getting electricity: Procedures (number) - Score","","","","","","","","","","","","","","http://www.doingbusiness.org/en/data/exploretopics/getting-electricity","","","",
"IC.ELC.REGU.MONT.01.DB1619","","Getting electricity: Regulatory monitoring (0-1) (DB16-19 methodology)","","","","","","","","","","","","","","http://www.doingbusiness.org/en/data/exploretopics/getting-electricity","","","",
"IC.ELC.RSTOR.01.DB1619","","Getting electricity: Mechanisms for restoring service (0-1) (DB16-19 methodology)","","","","","","","","","","","","","","http://www.doingbusiness.org/en/data/exploretopics/getting-electricity","","","",
"IC.ELC.RSTT.XD.08.DB1619","","Getting electricity: Reliability of supply and transparency of tariff index (0-8) (DB16-19 methodology)","","","","","","","","","","","","","","http://www.doingbusiness.org/en/data/exploretopics/getting-electricity","","","",
"IC.ELC.RSTT.XD.08.DFRN.DB1619","","Getting electricity: Reliability of supply and transparency of tariff index (0-8) (DB16-19 methodology) - Score","","","","","","","","","","","","","","http://www.doingbusiness.org/en/data/exploretopics/getting-electricity","","","",
"IC.ELC.SAID.XD.DB1619","","Getting electricity: System average interruption duration index (SAIDI) (DB16-19 methodology)","","","","","","","","","","","","","","http://www.doingbusiness.org/en/data/exploretopics/getting-electricity","","","",
"IC.ELC.SAIF.XD.DB1619","","Getting electricity: System average interruption frequency index (SAIFI) (DB16-19 methodology)","","","","","","","","","","","","","","http://www.doingbusiness.org/en/data/exploretopics/getting-electricity","","","",
"IC.ELC.TIME","","Getting electricity: Time (days)","","","","","","","","","","","","","","http://www.doingbusiness.org/en/data/exploretopics/getting-electricity","","","",
"IC.ELC.TIME.DFRN","","Getting electricity: Time (days) - Score","","","","","","","","","","","","","","http://www.doingbusiness.org/en/data/exploretopics/getting-electricity","","","",
"IC.REG.COST.PC.FE.ZS","","Starting a business: Cost - Women (% of income per capita)","","","","","","","","","","","","","","http://www.doingbusiness.org/en/data/exploretopics/starting-a-business","","","",
"IC.REG.COST.PC.FE.ZS.DRFN","","Starting a business: Cost - Women (% of income per capita) - Score","","","","","","","","","","","","","","http://www.doingbusiness.org/en/data/exploretopics/starting-a-business","","","",
"IC.REG.COST.PC.MA.ZS","","Starting a business: Cost - Men (% of income per capita)","","","","","","","","","","","","","","http://www.doingbusiness.org/en/data/exploretopics/starting-a-business","","","",
"IC.REG.COST.PC.MA.ZS.DFRN","","Starting a business: Cost - Men (% of income per capita) - Score","","","","","","","","","","","","","","http://www.doingbusiness.org/en/data/exploretopics/starting-a-business","","","",
"IC.REG.DFRN.PC.DFRN","","Starting a business: Paid-in Minimum capital (% of income per capita) - Score","","","","","","","","","","","","","","http://www.doingbusiness.org/en/data/exploretopics/starting-a-business","","","",
"IC.REG.DURS.FE.DY","","Starting a business: Time - Women (days)","","","","","","","","","","","","","","http://www.doingbusiness.org/en/data/exploretopics/starting-a-business","","","",
"IC.REG.DURS.FE.DY.DRFN","","Starting a business: Time - Women (days)- Score","","","","","","","","","","","","","","http://www.doingbusiness.org/en/data/exploretopics/starting-a-business","","","",
"IC.REG.DURS.MA.DY","","Starting a business: Time - Men (days)","","","","","","","","","","","","","","http://www.doingbusiness.org/en/data/exploretopics/starting-a-business","","","",
"IC.REG.DURS.MA.DY.DFRN","","Starting a business: Time - Men (days) - Score","","","","","","","","","","","","","","http://www.doingbusiness.org/en/data/exploretopics/starting-a-business","","","",
"IC.REG.MIN.CAP","","Starting a business: Minimum capital (% of income per capita)","","","","","","","","","","","","","","http://www.doingbusiness.org/en/data/exploretopics/starting-a-business","","","",
"IC.REG.PROC.FE.NO","","Starting a business: Procedures required - Women (number)","","","","","","","","","","","","","","http://www.doingbusiness.org/en/data/exploretopics/starting-a-business","","","",
"IC.REG.PROC.FE.NO.DFRN","","Starting a business: Procedures required - Women (number) - Score","","","","","","","","","","","","","","http://www.doingbusiness.org/en/data/exploretopics/starting-a-business","","","",
"IC.REG.PROC.MA.NO","","Starting a business: Procedures required - Men (number)","","","","","","","","","","","","","","http://www.doingbusiness.org/en/data/exploretopics/starting-a-business","","","",
"IC.REG.PROC.MA.NO.DFRN","","Starting a business: Procedures required - Men (number) - Score","","","","","","","","","","","","","","http://www.doingbusiness.org/en/data/exploretopics/starting-a-business","","","",
"IC.REG.PRRT.COST.PRT.VAL","","Registering property: Cost (% of property value)","","","","","","","","","","","","","","http://www.doingbusiness.org/en/data/exploretopics/registering-property","","","",
"IC.REG.PRRT.COST.PRT.VAL.DFRN","","Registering property: Cost (% of property value) - Score","","","","","","","","","","","","","","http://www.doingbusiness.org/en/data/exploretopics/registering-property","","","",
"IC.REG.PRRT.DFRN.DB0515","","Registering property (DB05-15 methodology) - Score","","","","","","","","","","","","","","http://www.doingbusiness.org/en/data/exploretopics/registering-property","","","",
"IC.REG.PRRT.DFRN.DB16","","Registering property (DB16 methodology) - Score","","","","","","","","","","","","","","http://www.doingbusiness.org/en/data/exploretopics/registering-property","","","",
"IC.REG.PRRT.DFRN.DB1719","","Registering property (DB17-19 methodology) - Score","","","","","","","","","","","","","","http://www.doingbusiness.org/en/data/exploretopics/registering-property","","","",
"IC.REG.PRRT.DURS.TM","","Registering property: Time (days)","","","","","","","","","","","","","","http://www.doingbusiness.org/en/data/exploretopics/registering-property","","","",
"IC.REG.PRRT.DURS.TM.DRFN","","Registering property: Time (days) - Score","","","","","","","","","","","","","","http://www.doingbusiness.org/en/data/exploretopics/registering-property","","","",
"IC.REG.PRRT.EQACCS.XD.08.DB1619","","Registering property: Equal access to property rights index (-2-0) (DB17-19 methodology)","","","","","","","","","","","","","","http://www.doingbusiness.org/en/data/exploretopics/registering-property","","","",
"IC.REG.PRRT.GEO.COVR.XD.08.DB1619","","Registering property: Geographic coverage index (0-8) (DB16-19 methodology)","","","","","","","","","","","","","","http://www.doingbusiness.org/en/data/exploretopics/registering-property","","","",
"IC.REG.PRRT.LAND.DISP.XD.08.DB1619","","Registering property: Land dispute resolution index (0-8) (DB16-19 methodology)","","","","","","","","","","","","","","http://www.doingbusiness.org/en/data/exploretopics/registering-property","","","",
"IC.REG.PRRT.LNDADM.GEN.XD.030.DB1719.DFRN","","Registering property: Quality of land administration index with Gender (0-30) (DB17-19 methodology) - Score","","","","","","","","","","","","","","http://www.doingbusiness.org/en/data/exploretopics/registering-property","","","",
"IC.REG.PRRT.PROC.NO","","Registering property: Procedures (number)","","","","","","","","","","","","","","http://www.doingbusiness.org/en/data/exploretopics/registering-property","","","",
"IC.REG.PRRT.PROC.NO.DFRN","","Registering property: Procedures (number) - Score","","","","","","","","","","","","","","http://www.doingbusiness.org/en/data/exploretopics/registering-property","","","",
"IC.REG.PRRT.QUAL.LNDADM.XD.030.DB16","","Registering property: Quality of land administration index (0-30) (DB16 methodology)","","","","","","","","","","","","","","http://www.doingbusiness.org/en/data/exploretopics/registering-property","","","",
"IC.REG.PRRT.QUAL.LNDADM.XD.030.DB16.DFRN","","Registering property: Quality of land administration index (0-30) (DB16 methodology) - Score","","","","","","","","","","","","","","http://www.doingbusiness.org/en/data/exploretopics/registering-property","","","",
"IC.REG.PRRT.QUAL.LNDADM.XD.030.DB1719","","Registering property: Quality of land administration index (0-30) (DB17-19 methodology)","","","","","","","","","","","","","","http://www.doingbusiness.org/en/data/exploretopics/registering-property","","","",
"IC.REG.PRRT.REG.RK.DB19","","Rank: Registering property (1=most business-friendly regulations)  (DB19 methodology)","","","","","","","","","","","","","","http://www.doingbusiness.org/en/data/exploretopics/registering-property","","","",
"IC.REG.PRRT.RELI.INFR.XD.09.DB1619","","Registering property: Reliability of infrastructure index (0-8) (DB16-19 methodology)","","","","","","","","","","","","","","http://www.doingbusiness.org/en/data/exploretopics/registering-property","","","",
"IC.REG.PRRT.TRAP.INFO.XD.06.DB1619","","Registering property: Transparency of information index (0-6) (DB16-19 methodology)","","","","","","","","","","","","","","http://www.doingbusiness.org/en/data/exploretopics/registering-property","","","",
"IC.REG.STRT.BUS.DFRN","","Starting a business - Score","","","","","","","","","","","","","","http://www.doingbusiness.org/en/data/exploretopics/starting-a-business","","","",
"IC.REG.STRT.BUS.RK.DB19","","Rank: Starting a business (DB19 methodology)","","","","","","","","","","","","","","http://www.doingbusiness.org/en/data/exploretopics/starting-a-business","","","",
"OTHR.TAX.PAID.ZS","","Other taxes (% of profits)","","","","","","","","","","","","","","http://www.doingbusiness.org/en/data/exploretopics/paying-taxes","","","",
"PAY.TAX.COIT.AU.HRS.DB1719","","Paying taxes: Time to comply with corporate income tax correction (hours) (DB17-19 methodology)","","","","","","","","","","","","","","http://www.doingbusiness.org/en/data/exploretopics/paying-taxes","","","",
"PAY.TAX.COIT.AU.HRS.TM.DB1719.DFRN","","Paying taxes: Time to comply with corporate income tax correction (hours) (DB17-19 methodology) - Score","","","","","","","","","","","","","","http://www.doingbusiness.org/en/data/exploretopics/paying-taxes","","","",
"PAY.TAX.COIT.AU.WKS.DB1719","","Paying taxes: Time to complete a corporate income tax correction (weeks) (DB17-19 methodology)","","","","","","","","","","","","","","http://www.doingbusiness.org/en/data/exploretopics/paying-taxes","","","",
"PAY.TAX.COIT.WKS.TM.DB1719.DFRN","","Paying taxes: Time to complete a corporate income tax correction (weeks) (DB17-19 methodology) - Score","","","","","","","","","","","","","","http://www.doingbusiness.org/en/data/exploretopics/paying-taxes","","","",
"PAY.TAX.DB0616.DFRN","","Paying taxes (DB06-16 methodology) - Score","","","","","","","","","","","","","","http://www.doingbusiness.org/en/data/exploretopics/paying-taxes","","","",
"PAY.TAX.DB1719.DRFN","","Paying taxes (DB17-19 methodology) - Score","","","","","","","","","","","","","","http://www.doingbusiness.org/en/data/exploretopics/paying-taxes","","","",
"PAY.TAX.LABR.TAX.CONTR.ZS","","Paying taxes: Labor tax and contributions (% of commercial profits)","","","","","","","","","","","","","","http://www.doingbusiness.org/en/data/exploretopics/paying-taxes","","","",
"PAY.TAX.POST.FIL.XD.0100.DB1719.DFRN","","Paying taxes: Postfiling index (0-100) (DB17-19 methodology) - Score","","","","","","","","","","","","","","http://www.doingbusiness.org/en/data/exploretopics/paying-taxes","","","",
"PAY.TAX.PRFT.CP.ZS","","Paying taxes: Profit tax (% of profits)","","","","","","","","","","","","","","http://www.doingbusiness.org/en/data/exploretopics/paying-taxes","","","",
"PAY.TAX.PYMT.FREQ.NO","","Paying taxes: Payments (number per year)","","","","","","","","","","","","","","http://www.doingbusiness.org/en/data/exploretopics/paying-taxes","","","",
"PAY.TAX.PYMT.NO.DFRN","","Paying taxes: Tax payments per year (number) - Score","","","","","","","","","","","","","","http://www.doingbusiness.org/en/data/exploretopics/paying-taxes","","","",
"PAY.TAX.RK.DB19","","Rank: Paying taxes (1=most business-friendly regulations) (DB19 methodology)","","","","","","","","","","","","","","http://www.doingbusiness.org/en/data/exploretopics/paying-taxes","","","",
"PAY.TAX.TM","","Paying taxes: Time (hours per year)","","","","","","","","","","","","","","http://www.doingbusiness.org/en/data/exploretopics/paying-taxes","","","",
"PAY.TAX.TM.DFRN","","Paying taxes: Time (hours per year) - Score","","","","","","","","","","","","","","http://www.doingbusiness.org/en/data/exploretopics/paying-taxes","","","",
"PAY.TAX.TOT.TAX.RT.ZS","","Paying taxes: Total tax rate (% of profit)","","","","","","","","","","","","","","http://www.doingbusiness.org/en/data/exploretopics/paying-taxes","","","",
"PAY.TAX.TOT.TAX.RT.ZS.DRFRN","","Paying taxes: Total tax rate (% of profit) - Score","","","","","","","","","","","","","","http://www.doingbusiness.org/en/data/exploretopics/paying-taxes","","","",
"PAY.TAX.VAT.REF.OBT.WKS.TM.DB1719","","Paying taxes: Time to obtain VAT refund (weeks) (DB17-19 methodology)","","","","","","","","","","","","","","http://www.doingbusiness.org/en/data/exploretopics/paying-taxes","","","",
"PAY.TAX.VAT.REF.OBT.WKS.TM.DB1719.DFRN","","Paying taxes: Time to obtain VAT refund (weeks) (DB17-19 methodology) - Score","","","","","","","","","","","","","","http://www.doingbusiness.org/en/data/exploretopics/paying-taxes","","","",
"PAY.TAX.VAT.REFU.COMP.HRS.TM.DB1719","","Paying taxes: Time to comply with VAT refund (hours) (DB17-19 methodology)","","","","","","","","","","","","","","http://www.doingbusiness.org/en/data/exploretopics/paying-taxes","","","",
"PAY.TAX.VAT.REFU.COMP.HRS.TM.DB1719.DFRN","","Paying taxes: Time to comply with VAT refund (hours) (DB17-19 methodology) - Score","","","","","","","","","","","","","","http://www.doingbusiness.org/en/data/exploretopics/paying-taxes","","","",
"PROT.MINOR.INV.DFRN.DB0614","","Protecting minority investors (DB06-14 methodology) - Score","","","","","","","","","","","","","","http://www.doingbusiness.org/en/data/exploretopics/protecting-minority-investors","","","",
"PROT.MINOR.INV.DFRN.DB1519","","Protecting minority investors (DB15-19 methodology) - Score","","","","","","","","","","","","","","http://www.doingbusiness.org/en/data/exploretopics/protecting-minority-investors","","","",
"PROT.MINOR.INV.EASE.SHARE.LGL.XD.010.DB0614","","Protecting minority investors: Ease of shareholder suits index (0-10) (DB06-14 methodology)","","","","","","","","","","","","","","http://www.doingbusiness.org/en/data/exploretopics/protecting-minority-investors","","","",
"PROT.MINOR.INV.EASE.SHARE.LGL.XD.010.DB1519","","Protecting minority investors: Ease of shareholder suits index (0-10) (DB15-19 methodology)","","","","","","","","","","","","","","http://www.doingbusiness.org/en/data/exploretopics/protecting-minority-investors","","","",
"PROT.MINOR.INV.EASE.SSI.XD.0010.DB0614.DFRN","","Protecting minority investors: Ease of shareholder suits index (0-10) (DB06-14 methodology) - Score","","","","","","","","","","","","","","http://www.doingbusiness.org/en/data/exploretopics/protecting-minority-investors","","","",
"PROT.MINOR.INV.EASE.SSI.XD.0010.DB1519.DFRN","","Protecting minority investors: Ease of shareholder suits index (0-10) (DB15-19 methodology) - Score","","","","","","","","","","","","","","http://www.doingbusiness.org/en/data/exploretopics/protecting-minority-investors","","","",
"PROT.MINOR.INV.EXT.BUS.DISC.010.XD","","Protecting minority investors: Extent of disclosure index (0-10)","","","","","","","","","","","","","","http://www.doingbusiness.org/en/data/exploretopics/protecting-minority-investors","","","",
"PROT.MINOR.INV.EXT.CONFL.INTER.XD.010.DB1519","","Protecting minority investors: Extent of conflict of interest regulation index (0-10) (DB15-19 methodology)","","","","","","","","","","","","","","http://www.doingbusiness.org/en/data/exploretopics/protecting-minority-investors","","","",
"PROT.MINOR.INV.EXT.CORP.TRANP.XD.0010.DB1519","","Protecting minority investors: Extent of corporate transparency index (0-10) (DB15-19 methodology)","","","","","","","","","","","","","","http://www.doingbusiness.org/en/data/exploretopics/protecting-minority-investors","","","",
"PROT.MINOR.INV.EXT.CORP.TRANS.XD.010.DB1519.DFRN","","Protecting minority investors: Extent of corporate transparency index (0-10) (DB15-19 methodology) - Score","","","","","","","","","","","","","","http://www.doingbusiness.org/en/data/exploretopics/protecting-minority-investors","","","",
"PROT.MINOR.INV.EXT.DIR.LBL.010.XD.DFRN","","Protecting minority investors: Extent of director liability index (0-10) - Score","","","","","","","","","","","","","","http://www.doingbusiness.org/en/data/exploretopics/protecting-minority-investors","","","",
"PROT.MINOR.INV.EXT.DISC.010.XD.DFRN","","Protecting minority investors: Extent of disclosure index (0-10) - Score","","","","","","","","","","","","","","http://www.doingbusiness.org/en/data/exploretopics/protecting-minority-investors","","","",
"PROT.MINOR.INV.EXT.OWNR.CONT.XD.0100.DB1519","","Protecting minority investors: Extent of ownership and control index (0-10) (DB15-19 methodology)","","","","","","","","","","","","","","http://www.doingbusiness.org/en/data/exploretopics/protecting-minority-investors","","","",
"PROT.MINOR.INV.EXT.OWNR.CONTL.010.XD.DFRN","","Protecting minority investors: Extent of ownership and control index (0-10) (DB15-19 methodology) - Score","","","","","","","","","","","","","","http://www.doingbusiness.org/en/data/exploretopics/protecting-minority-investors","","","",
"PROT.MINOR.INV.EXT.SHARE.GOV.XD.010.DB1519","","Protecting minority investors: Extent of shareholder governance index (0-10) (DB15-19 methodology)","","","","","","","","","","","","","","http://www.doingbusiness.org/en/data/exploretopics/protecting-minority-investors","","","",
"PROT.MINOR.INV.EXT.SHARE.RTS.XD.010.DB1519","","Protecting minority investors: Extent of shareholder rights index (0-10) (DB15-19 methodology)","","","","","","","","","","","","","","http://www.doingbusiness.org/en/data/exploretopics/protecting-minority-investors","","","",
"PROT.MINOR.INV.EXT.SHRHLD.RGT.XD.0010.DB1519.DRFN","","Protecting minority investors: Extent of shareholder rights index (0-10) (DB15-19 methodology) - Score","","","","","","","","","","","","","","http://www.doingbusiness.org/en/data/exploretopics/protecting-minority-investors","","","",
"PROT.MINOR.INV.IC.PRIN.EXT.DIR.LGL.010.XD","","Protecting minority investors: Extent of director liability index (0-10)","","","","","","","","","","","","","","http://www.doingbusiness.org/en/data/exploretopics/protecting-minority-investors","","","",
"PROT.MINOR.INV.IC.PRIN.MINOR.RK","","Rank: Protecting minority investors (1=most business-friendly regulations)  (DB19 methodology)","","","","","","","","","","","","","","http://www.doingbusiness.org/en/data/exploretopics/protecting-minority-investors","","","",
"PROT.MINOR.INV.STRENG.INV.PROT.XD.010.DB0614","","Protecting minority investors: Strength of investor protection index (0-10) (DB06-14 methodology)","","","","","","","","","","","","","","http://www.doingbusiness.org/en/data/exploretopics/protecting-minority-investors","","","",
"PROT.MINOR.INV.STRENG.MIN.INV.PROT.XD.010.DB0614","","Protecting minority investors: Strength of minority investor protection index (0-10) (DB15-19 methodology)","","","","","","","","","","","","","","http://www.doingbusiness.org/en/data/exploretopics/protecting-minority-investors","","","",
"RESLV.ISV.COPR.03.XD.DB1519","","Resolving insolvency: Commencement of proceedings index (0-3) (DB15-19 methodology)","","","","","","","","","","","","","","http://www.doingbusiness.org/en/data/exploretopics/resolving-insolvency","","","",
"RESLV.ISV.COST.ZS","","Resolving insolvency: Cost (% of estate)","","","","","","","","","","","","","","http://www.doingbusiness.org/en/data/exploretopics/resolving-insolvency","","","",
"RESLV.ISV.CPI.04.XD.DB1519","","Resolving insolvency: Creditor participation index (0-4) (DB15-19 methodology)","","","","","","","","","","","","","","http://www.doingbusiness.org/en/data/exploretopics/resolving-insolvency","","","",
"RESLV.ISV.DB0414.DFRN","","Resolving insolvency (DB04-14 methodology) - Score","","","","","","","","","","","","","","http://www.doingbusiness.org/en/data/exploretopics/resolving-insolvency","","","",
"RESLV.ISV.DB1519.DFRN","","Resolving insolvency (DB15-19 methodology) - Score","","","","","","","","","","","","","","http://www.doingbusiness.org/en/data/exploretopics/resolving-insolvency","","","",
"RESLV.ISV.DFRN.RCOV.RT","","Resolving insolvency: Recovery rate (cents on the dollar) - Score","","","","","","","","","","","","","","http://www.doingbusiness.org/en/data/exploretopics/resolving-insolvency","","","",
"RESLV.ISV.DURS.YR","","Resolving insolvency: Time (years)","","","","","","","","","","","","","","http://www.doingbusiness.org/en/data/exploretopics/resolving-insolvency","","","",
"RESLV.ISV.MGDA.XD.DB1519","","Resolving insolvency: Management of debtor's assets index (0-6) (DB15-19 methodology)","","","","","","","","","","","","","","http://www.doingbusiness.org/en/data/exploretopics/resolving-insolvency","","","",
"RESLV.ISV.OTCM","","Resolving insolvency: Outcome (0 as piecemeal sale and 1 as going concern)","","","","","","","","","","","","","","http://www.doingbusiness.org/en/data/exploretopics/resolving-insolvency","","","",
"RESLV.ISV.RCOV.RT","","Resolving insolvency: Recovery rate (cents on the dollar)","","","","","","","","","","","","","","http://www.doingbusiness.org/en/data/exploretopics/resolving-insolvency","","","",
"RESLV.ISV.RCOV.RT.016.DB1519.DFRN","","Resolving insolvency: Strength of insolvency framework index (0-16) (DB15-19 methodology) - Score","","","","","","","","","","","","","","http://www.doingbusiness.org/en/data/exploretopics/resolving-insolvency","","","",
"RESLV.ISV.RK.DB19","","Rank: Resolving insolvency  (DB19 methodology)","","","","","","","","","","","","","","http://www.doingbusiness.org/en/data/exploretopics/resolving-insolvency","","","",
"RESLV.ISV.ROPC.03.XD.DB1519","","Reorganization proceedings index (0-3) (DB15-19 methodology)","","","","","","","","","","","","","","http://www.doingbusiness.org/en/data/exploretopics/resolving-insolvency","","","",
"RESLV.ISV.SOIF.06.DB1519","","Resolving insolvency: Strength of insolvency framework index (0-16) (DB15-19 methodology)","","","","","","","","","","","","","","http://www.doingbusiness.org/en/data/exploretopics/resolving-insolvency","","","",
"TRD.ACRS.BRDR.DB0615.DFRN","","Trading across borders (DB06-15 methodology) - Score","","","","","","","","","","","","","","http://www.doingbusiness.org/en/data/exploretopics/trading-across-borders","","","",
"TRD.ACRS.BRDR.DB1619.DFRN","","Trading across borders (DB16-19 methodology) - Score","","","","","","","","","","","","","","http://www.doingbusiness.org/en/data/exploretopics/trading-across-borders","","","",
"TRD.ACRS.BRDR.DOC.COMP.HR.DB1619","","Time to export: Documentary compliance (hours) (DB16-19 methodology)","","","","","","","","","","","","","","http://www.doingbusiness.org/en/data/exploretopics/trading-across-borders","","","",
"TRD.ACRS.BRDR.DOCS.EXPT.NO.DB0615","","Trading across borders: Documents to export (number) (DB06-15 methodology)","","","","","","","","","","","","","","http://www.doingbusiness.org/en/data/exploretopics/trading-across-borders","","","",
"TRD.ACRS.BRDR.DOCS.EXPT.NO.DB0615.DFRN","","Trading across borders: Documents to export (number) (DB06-15 methodology) - Score","","","","","","","","","","","","","","http://www.doingbusiness.org/en/data/exploretopics/trading-across-borders","","","",
"TRD.ACRS.BRDR.DOCS.IMP.NO.DB0615","","Trading across borders: Documents to import (number) (DB06-15 methodology)","","","","","","","","","","","","","","http://www.doingbusiness.org/en/data/exploretopics/trading-across-borders","","","",
"TRD.ACRS.BRDR.DOCS.IMP.NO.DB0615.DFRN","","Trading across borders: Documents to import (number) (DB06-15 methodology) - Score","","","","","","","","","","","","","","http://www.doingbusiness.org/en/data/exploretopics/trading-across-borders","","","",
"TRD.ACRS.BRDR.EXPT.BRDR.COMP.HR.DB1619","","Time to export: Border compliance (hours) (DB16-19 methodology)","","","","","","","","","","","","","","http://www.doingbusiness.org/en/data/exploretopics/trading-across-borders","","","",
"TRD.ACRS.BRDR.EXPT.COST.BRDR.COMP.CD.DB1619","","Trading across borders: Cost to export: Border compliance (USD) (DB16-19 methodology)","","","","","","","","","","","","","","http://www.doingbusiness.org/en/data/exploretopics/trading-across-borders","","","",
"TRD.ACRS.BRDR.EXPT.COST.BRDR.COMP.CD.DB1619.DFRN","","Trading across borders: Cost to export: Border compliance (USD) (DB16-19 methodology) - Score","","","","","","","","","","","","","","http://www.doingbusiness.org/en/data/exploretopics/trading-across-borders","","","",
"TRD.ACRS.BRDR.EXPT.COST.CD.DB0615","","Trading across borders: Cost to export (US$ per container deflated) (DB06-15 methodology)","","","","","","","","","","","","","","http://www.doingbusiness.org/en/data/exploretopics/trading-across-borders","","","",
"TRD.ACRS.BRDR.EXPT.COST.CD.DB0615.DFRN","","Trading across borders: Cost to export (US$ per container) (DB06-15 methodology) - Score","","","","","","","","","","","","","","http://www.doingbusiness.org/en/data/exploretopics/trading-across-borders","","","",
"TRD.ACRS.BRDR.EXPT.COST.DOC.COMP.CD.DB1619","","Trading across borders: Cost to export: Documentary compliance (USD) (DB16-19 methodology)","","","","","","","","","","","","","","http://www.doingbusiness.org/en/data/exploretopics/trading-across-borders","","","",
"TRD.ACRS.BRDR.EXPT.COST.DOC.COMP.CD.DB1619.DFRN","","Trading across borders: Cost to export: Documentary compliance (USD) (DB16-19 methodology) - Score","","","","","","","","","","","","","","http://www.doingbusiness.org/en/data/exploretopics/trading-across-borders","","","",
"TRD.ACRS.BRDR.EXPT.DURS.DY.DB0615","","Time to export (days) (DB06-15 methodology)","","","","","","","","","","","","","","http://www.doingbusiness.org/en/data/exploretopics/trading-across-borders","","","",
"TRD.ACRS.BRDR.EXPT.TM.BRDR.COMP.HR.DB1619.DFRN","","Trading across borders: Time to export: Border compliance (hours) (DB16-19 methodology) - Score","","","","","","","","","","","","","","http://www.doingbusiness.org/en/data/exploretopics/trading-across-borders","","","",
"TRD.ACRS.BRDR.EXPT.TM.DOC.COMP.HR.DB1619.DFRN","","Trading across borders: Time to export: Documentary compliance (hours) (DB16-19 methodology) - Score","","","","","","","","","","","","","","http://www.doingbusiness.org/en/data/exploretopics/trading-across-borders","","","",
"TRD.ACRS.BRDR.EXPT.TM.DY.DB0615.DFRN","","Trading across borders: Time to export (days) (DB06-15 methodology) - Score","","","","","","","","","","","","","","http://www.doingbusiness.org/en/data/exploretopics/trading-across-borders","","","",
"TRD.ACRS.BRDR.IMP.BRDR.COMP.HR.DB1619","","Time to import: Border compliance (hours) (DB16-19 methodology)","","","","","","","","","","","","","","http://www.doingbusiness.org/en/data/exploretopics/trading-across-borders","","","",
"TRD.ACRS.BRDR.IMP.COST.BRDR.COMP.CD.DB1619","","Trading across borders: Cost to import: Border compliance (USD) (DB16-19 methodology)","","","","","","","","","","","","","","http://www.doingbusiness.org/en/data/exploretopics/trading-across-borders","","","",
"TRD.ACRS.BRDR.IMP.COST.BRDR.COMP.CD.DB1619.DFRN","","Trading across borders: Cost to import: Border compliance (USD) (DB16-19 methodology) - Score","","","","","","","","","","","","","","http://www.doingbusiness.org/en/data/exploretopics/trading-across-borders","","","",
"TRD.ACRS.BRDR.IMP.COST.CD.DB0615","","Trading across borders: Cost to import (US$ per container deflated)(DB06-15 methodology)","","","","","","","","","","","","","","http://www.doingbusiness.org/en/data/exploretopics/trading-across-borders","","","",
"TRD.ACRS.BRDR.IMP.COST.CD.DB0615.DFRN","","Trading across borders: Cost to import (US$ per container)(DB06-15 methodology) - Score","","","","","","","","","","","","","","http://www.doingbusiness.org/en/data/exploretopics/trading-across-borders","","","",
"TRD.ACRS.BRDR.IMP.COST.DOC.COMP.CD.DB1619","","Trading across borders: Cost to import: Documentary compliance (USD) (DB16-19 methodology)","","","","","","","","","","","","","","http://www.doingbusiness.org/en/data/exploretopics/trading-across-borders","","","",
"TRD.ACRS.BRDR.IMP.COST.DOC.COMP.CD.DB1619.DFRN","","Trading across borders: Cost to import: Documentary compliance (USD) (DB16-19 methodology) - Score","","","","","","","","","","","","","","http://www.doingbusiness.org/en/data/exploretopics/trading-across-borders","","","",
"TRD.ACRS.BRDR.IMP.DOC.COMP.HR.DB1619","","Time to import: Documentary compliance (hours) (DB16-19 methodology)","","","","","","","","","","","","","","http://www.doingbusiness.org/en/data/exploretopics/trading-across-borders","","","",
"TRD.ACRS.BRDR.IMP.DURS.DY.DB0615","","Time to import (days) (DB06-15 methodology)","","","","","","","","","","","","","","http://www.doingbusiness.org/en/data/exploretopics/trading-across-borders","","","",
"TRD.ACRS.BRDR.IMP.TM.BRDR.COMP.HR.DB1619.DFRN","","Trading across borders: Time to import: Border compliance (hours) (DB16-19 methodology) - Score","","","","","","","","","","","","","","http://www.doingbusiness.org/en/data/exploretopics/trading-across-borders","","","",
"TRD.ACRS.BRDR.IMP.TM.DOC.COMP.HR.DB1619.DFRN","","Trading across borders: Time to import: Documentary compliance (hours) (DB16-19 methodology) - Score","","","","","","","","","","","","","","http://www.doingbusiness.org/en/data/exploretopics/trading-across-borders","","","",
"TRD.ACRS.BRDR.IMP.TM.DY.DB0615.DFRN","","Trading across borders: Time to import (days) (DB06-15 methodology) - Score","","","","","","","","","","","","","","http://www.doingbusiness.org/en/data/exploretopics/trading-across-borders","","","",
"TRD.ACRS.BRDR.RK.DB19","","Rank: Trading across borders (1=most business-friendly regulations) (DB19 methodology)","","","","","","","","","","","","","","http://www.doingbusiness.org/en/data/exploretopics/trading-across-borders","","","",
